"Id","Name","Parent","File","Components"
"ActionActivateDeathAcidifier","Activate Death-Acidifier","[BaseSuicideAction, BaseImplantAction]","Resources\Prototypes\Actions\types.yml","Action"
"ActionActivateDnaScramblerImplant","Scramble DNA","BaseImplantAction","Resources\Prototypes\Actions\types.yml","ConfirmableAction,LimitedCharges,Action"
"ActionActivateEmpImplant","Activate EMP","BaseImplantAction","Resources\Prototypes\Actions\types.yml","LimitedCharges,Action"
"ActionActivateFreedomImplant","Break Free","BaseImplantAction","Resources\Prototypes\Actions\types.yml","LimitedCharges,Action"
"ActionActivateHonkImplant","Honk","BaseImplantAction","Resources\Prototypes\Actions\types.yml","Action"
"ActionActivateMicroBomb","Activate Microbomb","[BaseSuicideAction, BaseImplantAction]","Resources\Prototypes\Actions\types.yml","Action"
"ActionActivateScramImplant","SCRAM!","BaseImplantAction","Resources\Prototypes\Actions\types.yml","LimitedCharges,Action"
"ActionAGhostShowCargo","Cargo Ordering Interface","BaseAGhostAction","Resources\Prototypes\Entities\Mobs\Player\admin_ghost.yml","InstantAction"
"ActionAGhostShowCommunications","Communications Interface","BaseAGhostAction","Resources\Prototypes\Entities\Mobs\Player\admin_ghost.yml","Action,InstantAction"
"ActionAGhostShowCrewMonitoring","Crew Monitoring Interface","BaseAGhostAction","Resources\Prototypes\Entities\Mobs\Player\admin_ghost.yml","Action,InstantAction"
"ActionAGhostShowRadar","Mass Scanner Interface","BaseAGhostAction","Resources\Prototypes\Entities\Mobs\Player\admin_ghost.yml","Action,InstantAction"
"ActionAGhostShowSolar","Solar Control Interface","BaseAGhostAction","Resources\Prototypes\Entities\Mobs\Player\admin_ghost.yml","InstantAction"
"ActionAGhostShowStationRecords","Station Records Interface","BaseAGhostAction","Resources\Prototypes\Entities\Mobs\Player\admin_ghost.yml","Action,InstantAction"
"ActionAIViewLaws","View Laws","BaseMentalAction","Resources\Prototypes\Actions\station_ai.yml","Action,InstantAction"
"ActionAnimalLayEgg","Lay egg","BaseAction","Resources\Prototypes\Actions\types.yml","Action,InstantAction"
"ActionAnimateSpell","Animate","BaseEntitySpellAction","Resources\Prototypes\Magic\animate_spell.yml","Action,EntityTargetAction,Animate,MindContainer,InputMover,MobMover,MovementSpeedModifier,HTN,CombatMode,MeleeWeapon,NpcFactionMember,NoSlip,MovementAlwaysTouching,CanMoveInAir,Damageable,Destructible,Hands,CanEscapeInventory,MobCollision"
"ActionAnomalyPulse","Anomaly pulse","BaseAction","Resources\Prototypes\Actions\anomaly.yml","Action,InstantAction"
"ActionArtifactActivate","Activate Artifact","BaseAction","Resources\Prototypes\Entities\Objects\Specific\Xenoarchaeology\xenoartifacts.yml","Action,InstantAction"
"ActionBecomeValid","Become Valid","BaseToggleAction","Resources\Prototypes\Entities\Clothing\Head\misc.yml",""
"ActionBibleSummon","Summon familiar","BaseAction","Resources\Prototypes\Entities\Objects\Specific\Chapel\bibles.yml","Action,InstantAction"
"ActionBlink","Blink","BaseAction","Resources\Prototypes\Magic\teleport_spells.yml","Action,TargetAction,WorldTargetAction"
"ActionBorgSwapModule","Swap Module","BaseAction","Resources\Prototypes\Entities\Objects\Specific\Robotics\borg_modules.yml","Action,InstantAction"
"ActionChameleonController","Control clothing","","Resources\Prototypes\Actions\types.yml","Action,InstantAction"
"ActionChangelingDevour","[color=red]Devour[/color]","","Resources\Prototypes\Actions\changeling.yml","Action,TargetAction,EntityTargetAction"
"ActionChangelingStore","DNA Store","ActionIntrinsicStore","Resources\Prototypes\Actions\changeling.yml",""
"ActionChangelingTransform","[color=red]Transform[/color]","","Resources\Prototypes\Actions\changeling.yml","Action,InstantAction"
"ActionChangeVoiceMask","Set name","BaseAction","Resources\Prototypes\Actions\types.yml","Action,InstantAction"
"ActionChangeVoiceMaskImplant","","ActionChangeVoiceMask","Resources\Prototypes\Actions\types.yml","Action"
"ActionChargeSpell","Charge","BaseAction","Resources\Prototypes\Magic\utility_spells.yml","Action,InstantAction,SpeakOnAction"
"ActionClearNetworkLinkOverlays","Clear network link overlays","BaseMentalAction","Resources\Prototypes\Actions\types.yml","Action,InstantAction"
"ActionCluwne","Cluwne's Curse","BaseSmiteAction","Resources\Prototypes\Magic\touch_spells.yml","Action,EntityTargetAction,Cluwne,SpeakOnAction,Magic"
"ActionCombatModeToggle","[color=red]Combat Mode[/color]","BaseMentalAction","Resources\Prototypes\Actions\types.yml","Action,InstantAction"
"ActionCombatModeToggleOff","","ActionCombatModeToggle","Resources\Prototypes\Actions\types.yml","Action"
"ActionConfigureMeleeSpeech","Set Battlecry","BaseAction","Resources\Prototypes\Actions\speech.yml","Action,InstantAction"
"ActionCreateThrowingStar","Create throwing star","BaseAction","Resources\Prototypes\Actions\ninja.yml","Action,InstantAction"
"ActionCritFakeDeath","Fake Death","BaseCritAction","Resources\Prototypes\Actions\crit.yml","Action,InstantAction"
"ActionCritLastWords","Say Last Words","ActionCritSuccumb # for use delay","Resources\Prototypes\Actions\crit.yml","Action,InstantAction"
"ActionCritSuccumb","Succumb","BaseCritAction","Resources\Prototypes\Actions\crit.yml","Action,InstantAction"
"ActionDevour","[color=red]Devour[/color]","BaseAction","Resources\Prototypes\Entities\Mobs\Player\dragon.yml","Action,TargetAction,EntityTargetAction"
"ActionDisguiseAnchor","Toggle Anchored","BaseAction","Resources\Prototypes\Entities\Objects\Devices\chameleon_projector.yml","Action,InstantAction"
"ActionDisguiseNoRot","Toggle Rotation","BaseAction","Resources\Prototypes\Entities\Objects\Devices\chameleon_projector.yml","Action,InstantAction"
"ActionDragonsBreath","[color=orange]Dragon's Breath[/color]","BaseAction","Resources\Prototypes\Entities\Mobs\Player\dragon.yml","Action,TargetAction,WorldTargetAction"
"ActionEnergyKatanaDash","Katana dash","BaseAction","Resources\Prototypes\Actions\ninja.yml","Action,TargetAction,WorldTargetAction"
"ActionExplosionRune","Explosion Rune","BaseRuneAction","Resources\Prototypes\Magic\rune_spells.yml","Action,InstantAction"
"ActionFireball","Fireball","BaseAction","Resources\Prototypes\Magic\projectile_spells.yml","Magic,Action,TargetAction,WorldTargetAction,SpeakOnAction,ActionUpgrade"
"ActionFireballII","Fireball II","ActionFireball","Resources\Prototypes\Magic\projectile_spells.yml","Action"
"ActionFireballIII","Fireball III","ActionFireball","Resources\Prototypes\Magic\projectile_spells.yml","Action"
"ActionFireStarter","Ignite","BaseAction","Resources\Prototypes\Actions\types.yml","Action,InstantAction"
"ActionFlashRune","Flash Rune","BaseRuneAction","Resources\Prototypes\Magic\rune_spells.yml","Action,InstantAction"
"ActionForceWall","forcewall","BaseAction","Resources\Prototypes\Magic\forcewall_spells.yml","Action,InstantAction,SpeakOnAction"
"ActionGhostBoo","Boo!","BaseMentalAction","Resources\Prototypes\Entities\Mobs\Player\observer.yml","Action,InstantAction"
"ActionGoliathTentacle","[color=red]Tentacle Slam[/color]","BaseAction","Resources\Prototypes\Entities\Mobs\NPCs\asteroid.yml","Action,TargetAction,WorldTargetAction"
"ActionGravityJump","Jump","BaseAction","Resources\Prototypes\Actions\types.yml","Action,InstantAction"
"ActionIgniteRune","Ignite Rune","BaseRuneAction","Resources\Prototypes\Magic\rune_spells.yml","Action,InstantAction"
"ActionIntrinsicStore","Store","BaseMentalAction","Resources\Prototypes\Actions\types.yml","Action,InstantAction"
"ActionItemRecall","Mark Item","BaseAction","Resources\Prototypes\Magic\recall_spell.yml","Action,InstantAction,ItemRecall"
"ActionJumpToCore","Jump to core","BaseAction","Resources\Prototypes\Actions\station_ai.yml","Action,InstantAction"
"ActionKnock","Knock","BaseAction","Resources\Prototypes\Magic\knock_spell.yml","Action,InstantAction,SpeakOnAction"
"ActionMappingEraser","Erase Entity","BaseMappingAction","Resources\Prototypes\Actions\mapping.yml","Action,InstantAction"
"ActionMechCycleEquipment","Cycle","BaseMechAction","Resources\Prototypes\Actions\mech.yml","Action,InstantAction"
"ActionMechEject","Eject","BaseMechAction","Resources\Prototypes\Actions\mech.yml","Action,InstantAction"
"ActionMechOpenUI","Control Panel","BaseMechAction","Resources\Prototypes\Actions\mech.yml","Action,InstantAction"
"ActionMimeInvisibleWall","Create Invisible Wall","BaseAction","Resources\Prototypes\Roles\Jobs\Civilian\mime.yml","Action,InstantAction"
"ActionMindSwap","Mind Swap","BaseEntitySpellAction","Resources\Prototypes\Magic\mindswap_spell.yml","Action,EntityTargetAction,SpeakOnAction"
"ActionNinjaEmp","EM Burst","BaseAction","Resources\Prototypes\Actions\ninja.yml","Action,InstantAction"
"ActionOpenStorageImplant","Toggle Storage Implant","BaseAction","Resources\Prototypes\Actions\types.yml","Action,InstantAction"
"ActionOpenUplinkImplant","Open Uplink","BaseAction","Resources\Prototypes\Actions\types.yml","Action,InstantAction"
"ActionPAIMassScanner","Mass Scanner","BaseMentalAction","Resources\Prototypes\Entities\Objects\Fun\pai.yml","Action,InstantAction"
"ActionPAIOpenMap","Open Map","BaseMentalAction","Resources\Prototypes\Entities\Objects\Fun\pai.yml","Action,InstantAction"
"ActionPAIOpenShop","Software Catalog","ActionIntrinsicStore","Resources\Prototypes\Entities\Objects\Fun\pai.yml",""
"ActionPAIPlayMidi","Play MIDI","BaseMentalAction","Resources\Prototypes\Entities\Objects\Fun\pai.yml","Action,InstantAction"
"ActionPolymorphJaunt","Ethereal Jaunt","BaseActionPolymorph","Resources\Prototypes\Actions\polymorph.yml","Magic,Action,InstantAction,ActionUpgrade"
"ActionPolymorphJauntII","Ethereal Jaunt II","ActionPolymorphJaunt","Resources\Prototypes\Actions\polymorph.yml","Action"
"ActionPolymorphJauntIII","Ethereal Jaunt III","ActionPolymorphJaunt","Resources\Prototypes\Actions\polymorph.yml","Action"
"ActionPolymorphWizardRod","Rod Form","BaseActionPolymorph","Resources\Prototypes\Actions\polymorph.yml","Action,InstantAction"
"ActionPolymorphWizardSpider","Spider Polymorph","BaseActionPolymorph","Resources\Prototypes\Actions\polymorph.yml","Action,InstantAction"
"ActionRatKingDomain","Rat King's Domain","BaseAction","Resources\Prototypes\Entities\Mobs\NPCs\regalrat.yml","Action,InstantAction"
"ActionRatKingOrderCheeseEm","Cheese 'Em","BaseAction","Resources\Prototypes\Entities\Mobs\NPCs\regalrat.yml","Action,InstantAction"
"ActionRatKingOrderFollow","Follow","BaseAction","Resources\Prototypes\Entities\Mobs\NPCs\regalrat.yml","Action,InstantAction"
"ActionRatKingOrderLoose","Loose","BaseAction","Resources\Prototypes\Entities\Mobs\NPCs\regalrat.yml","Action,InstantAction"
"ActionRatKingOrderStay","Stay","BaseAction","Resources\Prototypes\Entities\Mobs\NPCs\regalrat.yml","Action,InstantAction"
"ActionRatKingRaiseArmy","Raise Army","BaseAction","Resources\Prototypes\Entities\Mobs\NPCs\regalrat.yml","Action,InstantAction"
"ActionRecallKatana","Recall katana","BaseAction","Resources\Prototypes\Actions\ninja.yml","Action,InstantAction"
"ActionRepulse","Repulse","BaseAction","Resources\Prototypes\Magic\repulse_spell.yml","RepulseAttract,Action,InstantAction"
"ActionRetractableItemArmBlade","Arm Blade","BaseAction","Resources\Prototypes\Actions\changeling.yml","Action,InstantAction,RetractableItemAction"
"ActionRevenantDefile","Defile","BaseAction","Resources\Prototypes\Actions\revenant.yml","Action,InstantAction"
"ActionRevenantMalfunction","Malfunction","BaseAction","Resources\Prototypes\Actions\revenant.yml","Action,InstantAction"
"ActionRevenantOverloadLights","Overload Lights","BaseAction","Resources\Prototypes\Actions\revenant.yml","Action,InstantAction"
"ActionRevenantShop","Shop","ActionIntrinsicStore","Resources\Prototypes\Actions\revenant.yml",""
"ActionRevertPolymorph","Revert","BaseAction","Resources\Prototypes\Actions\polymorph.yml","ConfirmableAction,InstantAction"
"ActionRgbLight","","BaseAction","Resources\Prototypes\Magic\staves.yml","TargetAction,EntityTargetAction,RgbLightController"
"ActionScream","Scream","BaseAction","Resources\Prototypes\Actions\types.yml","Action,InstantAction"
"ActionSelectBorgType","Select Cyborg Type","BaseAction","Resources\Prototypes\Actions\borgs.yml","Action,InstantAction"
"ActionSericulture","Weave silk","BaseAction","Resources\Prototypes\Actions\spider.yml","Action,InstantAction"
"ActionShootWater","Spray water!","BaseAction","Resources\Prototypes\Actions\types.yml","Action,InstantAction"
"ActionSleep","Sleep","BaseMentalAction","Resources\Prototypes\Actions\types.yml","Action,InstantAction"
"ActionSlippery","Slippery Slope","BaseSmiteAction","Resources\Prototypes\Magic\touch_spells.yml","Action,EntityTargetAction,Slippery,StepTrigger,SpeakOnAction,Magic"
"ActionSmite","Smite","BaseSmiteAction","Resources\Prototypes\Magic\touch_spells.yml","Action,EntityTargetAction,SpeakOnAction,Magic"
"ActionSmiteNoReq","","ActionSmite","Resources\Prototypes\Magic\touch_spells.yml","Magic"
"ActionSmoke","Smoke","BaseAction","Resources\Prototypes\Magic\smoke_spell.yml","Action,InstantAction"
"ActionSpawnMagicarpSpell","Summon Magicarp","BaseAction","Resources\Prototypes\Magic\spawn_spells.yml","Action,TargetAction,WorldTargetAction,SpeakOnAction"
"ActionSpawnRift","Summon Carp Rift","BaseAction","Resources\Prototypes\Entities\Mobs\Player\dragon.yml","Action,InstantAction"
"ActionSpiderWeb","Spider Web","BaseAction","Resources\Prototypes\Actions\spider.yml","Action,InstantAction"
"ActionStethoscope","Listen with stethoscope","BaseAction","Resources\Prototypes\Entities\Clothing\Neck\misc.yml","Action,TargetAction,EntityTargetAction"
"ActionStunRune","Stun Rune","BaseRuneAction","Resources\Prototypes\Magic\rune_spells.yml","Action,InstantAction"
"ActionSummonGhosts","Summon Ghosts","BaseAction","Resources\Prototypes\Magic\event_spells.yml","Action,InstantAction"
"ActionSummonGuns","Summon Guns","BaseAction","Resources\Prototypes\Magic\event_spells.yml","Magic,Action,InstantAction,SpeakOnAction"
"ActionSummonMagic","Summon Magic","BaseAction","Resources\Prototypes\Magic\event_spells.yml","Magic,Action,InstantAction,SpeakOnAction"
"ActionSurvCameraLights","Toggle camera lights","BaseAction","Resources\Prototypes\Actions\station_ai.yml","Action,InstantAction,LightOnCollideCollider,FixturesChange"
"ActionToggleAiming","","BaseToggleAction","Resources\Prototypes\_WH40K\Actions\aiming.yml","Action"
"ActionToggleBlock","Block","BaseToggleAction","Resources\Prototypes\Actions\types.yml","Action"
"ActionToggleDome","Toggle Energy Dome","BaseToggleAction","Resources\Prototypes\Actions\types.yml","Action"
"ActionToggleEyes","Open/Close eyes","BaseMentalAction","Resources\Prototypes\Actions\types.yml","Action,InstantAction"
"ActionToggleFov","Toggle FoV","BaseMentalAction","Resources\Prototypes\Entities\Mobs\Player\observer.yml","Action,InstantAction"
"ActionToggleGhostHearing","Toggle Ghost Hearing","BaseMentalAction","Resources\Prototypes\Entities\Mobs\Player\observer.yml","Action,InstantAction"
"ActionToggleGhosts","Toggle Ghosts","BaseMentalAction","Resources\Prototypes\Entities\Mobs\Player\observer.yml","Action,InstantAction"
"ActionToggleGuardian","Toggle Guardian","BaseMentalAction","Resources\Prototypes\Entities\Mobs\Player\guardian.yml","Action,InstantAction"
"ActionToggleInternals","Toggle Internals","BaseAction","Resources\Prototypes\Actions\internals.yml","Action,InstantAction"
"ActionToggleJetpack","Toggle jetpack","BaseAction","Resources\Prototypes\Entities\Objects\Tools\jetpacks.yml","Action,InstantAction"
"ActionToggleJusticeHelm","Toggle Justice Helm","BaseAction","Resources\Prototypes\Entities\Clothing\Head\helmets.yml","Action,InstantAction"
"ActionToggleKnuckleDustersStun","Toggle stun knuckle dusters","BaseAction","Resources\Prototypes\Actions\security.yml","InstantAction"
"ActionToggleLight","Toggle Light","BaseToggleAction","Resources\Prototypes\Actions\types.yml","Action"
"ActionToggleLighting","Toggle Lighting","BaseMentalAction","Resources\Prototypes\Entities\Mobs\Player\observer.yml","Action,InstantAction"
"ActionToggleMagboots","Toggle Magboots","BaseAction","Resources\Prototypes\Entities\Clothing\Shoes\magboots.yml","Action,InstantAction"
"ActionToggleMask","Toggle Mask","BaseAction","Resources\Prototypes\Entities\Clothing\Masks\base_clothingmask.yml","Action,InstantAction"
"ActionToggleNinjaGloves","Toggle ninja gloves","BaseToggleAction","Resources\Prototypes\Actions\ninja.yml","Action"
"ActionToggleParamedicSiren","Toggle Paramedic Siren","BaseToggleAction","Resources\Prototypes\Actions\types.yml","Action"
"ActionTogglePhaseCloak","Phase cloak","BaseAction","Resources\Prototypes\Actions\ninja.yml","Action,InstantAction"
"ActionToggleRootable","Rootable","BaseToggleAction","Resources\Prototypes\Actions\types.yml","Action"
"ActionToggleSpeedBoots","Toggle Speed Boots","BaseAction","Resources\Prototypes\Entities\Clothing\Shoes\misc.yml","Action,InstantAction"
"ActionToggleSuitPiece","Toggle Suit Piece","BaseAction","Resources\Prototypes\Actions\types.yml","Action,InstantAction"
"ActionToggleWagging","Wagging Tail","BaseToggleAction","Resources\Prototypes\Actions\types.yml","Action"
"ActionToggleWaggingVulpkanin","","ActionToggleWagging","Resources\Prototypes\Actions\types.yml","Action"
"ActionTurnUndead","Turn Undead","BaseMentalAction","Resources\Prototypes\Actions\types.yml","Action,InstantAction"
"ActionVendingThrow","Dispense Item","BaseAction","Resources\Prototypes\Actions\types.yml","Action,InstantAction"
"ActionViewLaws","View Laws","BaseMentalAction # allow reading laws when crit","Resources\Prototypes\Actions\borgs.yml","Action,InstantAction"
"ActionVoidApplause","Void Applause","BaseEntitySpellAction","Resources\Prototypes\Magic\teleport_spells.yml","Action,TargetAction,EntityTargetAction"
"ActionVulpkaninGravityJump","Leap","BaseAction","Resources\Prototypes\Actions\types.yml","Action,InstantAction"
"ActionWake","Wake up","BaseMentalAction","Resources\Prototypes\Actions\types.yml","Action,InstantAction"
"ActionWH40KChaosKhorneBloodstorm","Bloodstorm Surge","ActionFireballII","Resources\Prototypes\_WH40K\Actions\psyker_chaos.yml","Action,WH40KWarpActionCost"
"ActionWH40KChaosKhorneExecutionStep","Execution Step","ActionBlink","Resources\Prototypes\_WH40K\Actions\psyker_chaos.yml","Action,WH40KWarpActionCost"
"ActionWH40KChaosKhorneRepulse","Khorne's Roar","ActionRepulse","Resources\Prototypes\_WH40K\Actions\psyker_chaos.yml","Action,WH40KWarpActionCost"
"ActionWH40KChaosNurgleCorpseBloom","Corpse Bloom","ActionSmoke","Resources\Prototypes\_WH40K\Actions\psyker_chaos.yml","Action,WH40KWarpActionCost"
"ActionWH40KChaosNurgleMiasma","Nurgle's Miasma","ActionSmoke","Resources\Prototypes\_WH40K\Actions\psyker_chaos.yml","Action,WH40KWarpActionCost"
"ActionWH40KChaosNurgleRepulse","Rotwind Surge","ActionRepulse","Resources\Prototypes\_WH40K\Actions\psyker_chaos.yml","Action,WH40KWarpActionCost"
"ActionWH40KChaosSlaaneshExquisiteTempo","Exquisite Tempo","ActionBlink","Resources\Prototypes\_WH40K\Actions\psyker_chaos.yml","Action,WH40KWarpActionCost"
"ActionWH40KChaosSlaaneshMiasma","Siren Veil","ActionSmoke","Resources\Prototypes\_WH40K\Actions\psyker_chaos.yml","Action,WH40KWarpActionCost"
"ActionWH40KChaosSlaaneshSwap","Slaanesh's Waltz","ActionVoidApplause","Resources\Prototypes\_WH40K\Actions\psyker_chaos.yml","Action,WH40KWarpActionCost"
"ActionWH40KChaosTzeentchBarrier","Tzeentchian Barrier","ActionForceWall","Resources\Prototypes\_WH40K\Actions\psyker_chaos.yml","Action,WH40KWarpActionCost"
"ActionWH40KChaosTzeentchMindTwist","Tzeentchian Mind Twist","ActionMindSwap","Resources\Prototypes\_WH40K\Actions\psyker_chaos.yml","Action,WH40KWarpActionCost"
"ActionWH40KChaosTzeentchWarpRewrite","Warp Rewrite","ActionFireball","Resources\Prototypes\_WH40K\Actions\psyker_chaos.yml","Action,WH40KWarpActionCost"
"ActionWH40KChaosUndividedAegis","Undivided Aegis","ActionForceWall","Resources\Prototypes\_WH40K\Actions\psyker_chaos.yml","Action,WH40KWarpActionCost"
"ActionWH40KChaosUndividedBlink","Undivided Step","ActionBlink","Resources\Prototypes\_WH40K\Actions\psyker_chaos.yml","Action,WH40KWarpActionCost"
"ActionWH40KChaosWarpBlast","Warp Blast","ActionFireball","Resources\Prototypes\_WH40K\Actions\psyker_chaos.yml","Action,WH40KWarpActionCost"
"ActionWH40KChaosWarpBlastSurge","Warp Blast Surge","ActionFireballII","Resources\Prototypes\_WH40K\Actions\psyker_chaos.yml","Action,WH40KWarpActionCost"
"ActionWH40KChaosWarpKnock","Profane Knock","ActionKnock","Resources\Prototypes\_WH40K\Actions\psyker_chaos.yml","Action,WH40KWarpActionCost"
"ActionWH40KChaosWarpRiftStep","Rift Step","ActionBlink","Resources\Prototypes\_WH40K\Actions\psyker_chaos.yml","Action,WH40KWarpActionCost"
"ActionWH40KHeavyBolterRotateLeft","Rotate left","BaseAction","Resources\Prototypes\_WH40K\Actions\heavy_bolter.yml","Action,InstantAction"
"ActionWH40KHeavyBolterRotateRight","Rotate right","BaseAction","Resources\Prototypes\_WH40K\Actions\heavy_bolter.yml","Action,InstantAction"
"ActionWH40KPsykerAegisWall","Aegis Wall","ActionForceWall","Resources\Prototypes\_WH40K\Actions\psyker_chaos.yml","Action,WH40KWarpActionCost"
"ActionWH40KPsykerMindShunt","Mind Shunt","ActionMindSwap","Resources\Prototypes\_WH40K\Actions\psyker_chaos.yml","Action,WH40KWarpActionCost"
"ActionWH40KPsykerTelekineticRepulse","Telekinetic Burst","ActionRepulse","Resources\Prototypes\_WH40K\Actions\psyker_chaos.yml","Action,WH40KWarpActionCost"
"ActionWH40KPsykerToggleProgressionUi","Psyker Discipline","BaseAction","Resources\Prototypes\_WH40K\Actions\psyker_chaos.yml","Action,InstantAction"
"ActionWH40KPsykerVeilSmoke","Veil of Silence","ActionSmoke","Resources\Prototypes\_WH40K\Actions\psyker_chaos.yml","Action,WH40KWarpActionCost"
"ActionWH40KPsykerWarpBlink","Warp Step","ActionBlink","Resources\Prototypes\_WH40K\Actions\psyker_chaos.yml","Action,WH40KWarpActionCost"
"ActionWH40KPsykerWarpKnock","Psychic Knock","ActionKnock","Resources\Prototypes\_WH40K\Actions\psyker_chaos.yml","Action,WH40KWarpActionCost"
"ActionXenoborgCameraMonitor","Xenoborgs Camera Monitor","BaseAGhostAction","Resources\Prototypes\Entities\Mobs\Player\mothershipcore.yml","Action,InstantAction"
"ActionXenoborgControlMonitor","Xenoborgs Control Console","BaseAGhostAction","Resources\Prototypes\Entities\Mobs\Player\mothershipcore.yml","Action,InstantAction"
